{
  "tag": "full_n40",
  "ckpt": "best_model.zip",
  "obs_dim": 97,
  "beta_max": 0.6,
  "beta_src": "cli",
  "holdout_lanes": [],
  "holdout_src": "run_meta.json",
  "train_holdout_lanes": [],
  "n_resets": 40,
  "energy_window_s": 4.0,
  "energy_average": "non_terminated_only",
  "aggregate_average": "success_fall_all_trials_other_metrics_non_terminated_only",
  "deterministic": {
    "per_lane": {
      "0": {
        "balanced_success_mean": 0.925,
        "balanced_success_std": 0.26339134382131846,
        "fell_mean": 0.075,
        "fell_std": 0.26339134382131846,
        "nonterminated_n": 37,
        "reached_height_mean": 1.0,
        "reached_height_std": 0.0,
        "survived_steps_mean": 2000.0,
        "survived_steps_std": 0.0,
        "peak_head_mean": 1.3179997975344393,
        "peak_head_std": 0.0017680243996615519,
        "hold_duration_s_mean": 36.16810810810811,
        "hold_duration_s_std": 0.49087807611456347,
        "cp_in_support_frac_mean": 0.9960675675675676,
        "cp_in_support_frac_std": 0.0014480283060646136,
        "cop_boundary_margin_mean": 0.0801720868541154,
        "cop_boundary_margin_std": 0.0018173019714993865,
        "action_jitter_mean": 1.7338909931898219,
        "action_jitter_std": 0.044863183416785295,
        "dof_jitter_mean": 0.06934128429612296,
        "dof_jitter_std": 0.004288114219855395,
        "S_torque_mean": 1.0,
        "S_torque_std": 0.0,
        "S_dof_mean": 0.7454594594594594,
        "S_dof_std": 0.06490641687120903,
        "energy_mean": 112.11575379648797,
        "energy_std": 4.2668104240269535,
        "energy_n": 37,
        "time_to_stand_s_mean": 3.851891891891891,
        "n_trials": 40
      },
      "1": {
        "balanced_success_mean": 1.0,
        "balanced_success_std": 0.0,
        "fell_mean": 0.0,
        "fell_std": 0.0,
        "nonterminated_n": 40,
        "reached_height_mean": 1.0,
        "reached_height_std": 0.0,
        "survived_steps_mean": 2000.0,
        "survived_steps_std": 0.0,
        "peak_head_mean": 1.318455884469053,
        "peak_head_std": 0.0005212876333537816,
        "hold_duration_s_mean": 36.477000000000004,
        "hold_duration_s_std": 0.2973735025182975,
        "cp_in_support_frac_mean": 0.9963875,
        "cp_in_support_frac_std": 0.000840293847412921,
        "cop_boundary_margin_mean": 0.07997719222897456,
        "cop_boundary_margin_std": 0.002104642267358444,
        "action_jitter_mean": 1.7291116533688737,
        "action_jitter_std": 0.03471584276009157,
        "dof_jitter_mean": 0.06867105593794551,
        "dof_jitter_std": 0.0013054519463822217,
        "S_torque_mean": 1.0,
        "S_torque_std": 0.0,
        "S_dof_mean": 0.7430875,
        "S_dof_std": 0.046265117461755136,
        "energy_mean": 111.06593268613301,
        "energy_std": 2.8077675651550416,
        "energy_n": 40,
        "time_to_stand_s_mean": 3.543,
        "n_trials": 40
      },
      "2": {
        "balanced_success_mean": 1.0,
        "balanced_success_std": 0.0,
        "fell_mean": 0.0,
        "fell_std": 0.0,
        "nonterminated_n": 40,
        "reached_height_mean": 1.0,
        "reached_height_std": 0.0,
        "survived_steps_mean": 2000.0,
        "survived_steps_std": 0.0,
        "peak_head_mean": 1.3184874346339186,
        "peak_head_std": 0.0005943827727641084,
        "hold_duration_s_mean": 36.557,
        "hold_duration_s_std": 0.31351395503230745,
        "cp_in_support_frac_mean": 0.9963625,
        "cp_in_support_frac_std": 0.0008061288668693143,
        "cop_boundary_margin_mean": 0.08072725076565852,
        "cop_boundary_margin_std": 0.001879151347540387,
        "action_jitter_mean": 1.7396252757422161,
        "action_jitter_std": 0.03667339904426569,
        "dof_jitter_mean": 0.06831616682745459,
        "dof_jitter_std": 0.000852399053989108,
        "S_torque_mean": 1.0,
        "S_torque_std": 0.0,
        "S_dof_mean": 0.734175,
        "S_dof_std": 0.04702174364057547,
        "energy_mean": 109.85992012815572,
        "energy_std": 3.277751717587146,
        "energy_n": 40,
        "time_to_stand_s_mean": 3.463,
        "n_trials": 40
      },
      "3": {
        "balanced_success_mean": 1.0,
        "balanced_success_std": 0.0,
        "fell_mean": 0.0,
        "fell_std": 0.0,
        "nonterminated_n": 40,
        "reached_height_mean": 1.0,
        "reached_height_std": 0.0,
        "survived_steps_mean": 2000.0,
        "survived_steps_std": 0.0,
        "peak_head_mean": 1.3186029452456864,
        "peak_head_std": 0.0002526236750748842,
        "hold_duration_s_mean": 36.6165,
        "hold_duration_s_std": 0.37333329613095084,
        "cp_in_support_frac_mean": 0.9963000000000001,
        "cp_in_support_frac_std": 0.0007399324293474363,
        "cop_boundary_margin_mean": 0.08052277876325399,
        "cop_boundary_margin_std": 0.0020775617997987107,
        "action_jitter_mean": 1.7532664287241644,
        "action_jitter_std": 0.03875246981652073,
        "dof_jitter_mean": 0.06824237786467151,
        "dof_jitter_std": 0.0006410884939078796,
        "S_torque_mean": 1.0,
        "S_torque_std": 0.0,
        "S_dof_mean": 0.7318,
        "S_dof_std": 0.041581967245429854,
        "energy_mean": 107.49523623227249,
        "energy_std": 2.9254104237720733,
        "energy_n": 40,
        "time_to_stand_s_mean": 3.4035,
        "n_trials": 40
      },
      "4": {
        "balanced_success_mean": 1.0,
        "balanced_success_std": 0.0,
        "fell_mean": 0.0,
        "fell_std": 0.0,
        "nonterminated_n": 40,
        "reached_height_mean": 1.0,
        "reached_height_std": 0.0,
        "survived_steps_mean": 2000.0,
        "survived_steps_std": 0.0,
        "peak_head_mean": 1.3186124481572405,
        "peak_head_std": 0.00018453645522074143,
        "hold_duration_s_mean": 36.79,
        "hold_duration_s_std": 0.3053850029061672,
        "cp_in_support_frac_mean": 0.9959875,
        "cp_in_support_frac_std": 0.0007025622748198279,
        "cop_boundary_margin_mean": 0.08087967130245623,
        "cop_boundary_margin_std": 0.0023474446128545112,
        "action_jitter_mean": 1.7600650799208786,
        "action_jitter_std": 0.027086753124886013,
        "dof_jitter_mean": 0.0680938419742727,
        "dof_jitter_std": 0.0005580954156585466,
        "S_torque_mean": 1.0,
        "S_torque_std": 0.0,
        "S_dof_mean": 0.7377125,
        "S_dof_std": 0.04986405111651079,
        "energy_mean": 106.84464636013914,
        "energy_std": 4.330523148909615,
        "energy_n": 40,
        "time_to_stand_s_mean": 3.2299999999999995,
        "n_trials": 40
      },
      "5": {
        "balanced_success_mean": 1.0,
        "balanced_success_std": 0.0,
        "fell_mean": 0.0,
        "fell_std": 0.0,
        "nonterminated_n": 40,
        "reached_height_mean": 1.0,
        "reached_height_std": 0.0,
        "survived_steps_mean": 2000.0,
        "survived_steps_std": 0.0,
        "peak_head_mean": 1.31861777834207,
        "peak_head_std": 0.0002832799386692425,
        "hold_duration_s_mean": 36.732000000000006,
        "hold_duration_s_std": 0.34893552413017487,
        "cp_in_support_frac_mean": 0.996075,
        "cp_in_support_frac_std": 0.0007790218225441383,
        "cop_boundary_margin_mean": 0.08136737417073367,
        "cop_boundary_margin_std": 0.001655225124554367,
        "action_jitter_mean": 1.784315597012872,
        "action_jitter_std": 0.03135559542817765,
        "dof_jitter_mean": 0.06833807928377247,
        "dof_jitter_std": 0.0004900906694349817,
        "S_torque_mean": 1.0,
        "S_torque_std": 0.0,
        "S_dof_mean": 0.70675,
        "S_dof_std": 0.03186926418981148,
        "energy_mean": 105.72878768179666,
        "energy_std": 4.331421308995591,
        "energy_n": 40,
        "time_to_stand_s_mean": 3.2879999999999994,
        "n_trials": 40
      },
      "6": {
        "balanced_success_mean": 0.975,