{
  "tag": "full",
  "ckpt": "best_model.zip",
  "obs_dim": 97,
  "beta_max": 0.6,
  "beta_src": "cli",
  "holdout_lanes": [],
  "holdout_src": "run_meta.json",
  "train_holdout_lanes": [],
  "n_resets": 50,
  "energy_window_s": 4.0,
  "energy_average": "non_terminated_only",
  "aggregate_average": "success_fall_all_trials_other_metrics_non_terminated_only",
  "deterministic": {
    "per_lane": {
      "0": {
        "balanced_success_mean": 0.92,
        "balanced_success_std": 0.2712931993250107,
        "fell_mean": 0.08,
        "fell_std": 0.2712931993250107,
        "nonterminated_n": 46,
        "reached_height_mean": 1.0,
        "reached_height_std": 0.0,
        "survived_steps_mean": 2000.0,
        "survived_steps_std": 0.0,
        "peak_head_mean": 1.3195500873667698,
        "peak_head_std": 0.0004980487639202034,
        "hold_duration_s_mean": 36.10782608695652,
        "hold_duration_s_std": 0.4400094516943243,
        "cp_in_support_frac_mean": 0.9944456521739129,
        "cp_in_support_frac_std": 0.0024455555536469745,
        "cop_boundary_margin_mean": 0.07639263490346539,
        "cop_boundary_margin_std": 0.0014149412188916401,
        "action_jitter_mean": 1.5332819317442732,
        "action_jitter_std": 0.08792487426077901,
        "dof_jitter_mean": 0.103457399981569,
        "dof_jitter_std": 0.0064054302717479585,
        "S_torque_mean": 1.0,
        "S_torque_std": 0.0,
        "S_dof_mean": 0.9533043478260872,
        "S_dof_std": 0.012472787013294863,
        "energy_mean": 117.58037431064217,
        "energy_std": 6.434282997046448,
        "energy_n": 46,
        "time_to_stand_s_mean": 3.912173913043478,
        "n_trials": 50
      },
      "1": {
        "balanced_success_mean": 0.96,
        "balanced_success_std": 0.19595917942265428,
        "fell_mean": 0.04,
        "fell_std": 0.19595917942265428,
        "nonterminated_n": 48,
        "reached_height_mean": 1.0,
        "reached_height_std": 0.0,
        "survived_steps_mean": 2000.0,
        "survived_steps_std": 0.0,
        "peak_head_mean": 1.3196168499799663,
        "peak_head_std": 0.00020725804582345136,
        "hold_duration_s_mean": 36.32208333333333,
        "hold_duration_s_std": 0.3863124724738888,
        "cp_in_support_frac_mean": 0.9949791666666666,
        "cp_in_support_frac_std": 0.0013729466992162904,
        "cop_boundary_margin_mean": 0.07634077422931367,
        "cop_boundary_margin_std": 0.0015092924150937991,
        "action_jitter_mean": 1.5181266628319354,
        "action_jitter_std": 0.07622161860303363,
        "dof_jitter_mean": 0.10414788084736447,
        "dof_jitter_std": 0.00491763665311007,
        "S_torque_mean": 1.0,
        "S_torque_std": 0.0,
        "S_dof_mean": 0.9509583333333333,
        "S_dof_std": 0.011877777452967463,
        "energy_mean": 117.9541746532032,
        "energy_std": 3.0050760885301466,
        "energy_n": 48,
        "time_to_stand_s_mean": 3.6979166666666665,
        "n_trials": 50
      },
      "2": {
        "balanced_success_mean": 0.96,
        "balanced_success_std": 0.19595917942265428,
        "fell_mean": 0.04,
        "fell_std": 0.19595917942265428,
        "nonterminated_n": 48,
        "reached_height_mean": 1.0,
        "reached_height_std": 0.0,
        "survived_steps_mean": 2000.0,
        "survived_steps_std": 0.0,
        "peak_head_mean": 1.3196245020672317,
        "peak_head_std": 0.00018709591286176204,
        "hold_duration_s_mean": 36.42291666666667,
        "hold_duration_s_std": 0.4148893343076228,
        "cp_in_support_frac_mean": 0.9946666666666667,
        "cp_in_support_frac_std": 0.001832386118941341,
        "cop_boundary_margin_mean": 0.07655936648655436,
        "cop_boundary_margin_std": 0.0012886833620339658,
        "action_jitter_mean": 1.516919137725529,
        "action_jitter_std": 0.05989999359571504,
        "dof_jitter_mean": 0.10372890286799025,
        "dof_jitter_std": 0.003974647108839491,
        "S_torque_mean": 1.0,
        "S_torque_std": 0.0,
        "S_dof_mean": 0.9535520833333333,
        "S_dof_std": 0.010560953823387464,
        "energy_mean": 116.68831548411124,
        "energy_std": 4.194425249193461,
        "energy_n": 48,
        "time_to_stand_s_mean": 3.5970833333333334,
        "n_trials": 50
      },
      "3": {
        "balanced_success_mean": 1.0,
        "balanced_success_std": 0.0,
        "fell_mean": 0.0,
        "fell_std": 0.0,
        "nonterminated_n": 50,
        "reached_height_mean": 1.0,
        "reached_height_std": 0.0,
        "survived_steps_mean": 2000.0,
        "survived_steps_std": 0.0,
        "peak_head_mean": 1.3195588884673817,
        "peak_head_std": 0.0002775066422265585,
        "hold_duration_s_mean": 36.480000000000004,
        "hold_duration_s_std": 0.3962625392337765,
        "cp_in_support_frac_mean": 0.99441,
        "cp_in_support_frac_std": 0.0016361234672236738,
        "cop_boundary_margin_mean": 0.07643251133747543,
        "cop_boundary_margin_std": 0.0012979502777403001,
        "action_jitter_mean": 1.5392971614022741,
        "action_jitter_std": 0.07406717910542975,
        "dof_jitter_mean": 0.10499570298794707,
        "dof_jitter_std": 0.004728611798678343,
        "S_torque_mean": 1.0,
        "S_torque_std": 0.0,
        "S_dof_mean": 0.96084,
        "S_dof_std": 0.013042407753171977,
        "energy_mean": 115.86290978314135,
        "energy_std": 5.2787940032024805,
        "energy_n": 50,
        "time_to_stand_s_mean": 3.54,
        "n_trials": 50
      },
      "4": {
        "balanced_success_mean": 1.0,
        "balanced_success_std": 0.0,
        "fell_mean": 0.0,
        "fell_std": 0.0,
        "nonterminated_n": 50,
        "reached_height_mean": 1.0,
        "reached_height_std": 0.0,
        "survived_steps_mean": 2000.0,
        "survived_steps_std": 0.0,
        "peak_head_mean": 1.3195212183253953,
        "peak_head_std": 0.00027951309736453544,
        "hold_duration_s_mean": 36.5992,
        "hold_duration_s_std": 0.35552687662116406,
        "cp_in_support_frac_mean": 0.9944500000000001,
        "cp_in_support_frac_std": 0.0021868927728628967,
        "cop_boundary_margin_mean": 0.07664157286531124,
        "cop_boundary_margin_std": 0.001390560726609727,
        "action_jitter_mean": 1.5378222911861936,
        "action_jitter_std": 0.06935686599889544,
        "dof_jitter_mean": 0.10588861772775146,
        "dof_jitter_std": 0.003958875295147762,
        "S_torque_mean": 1.0,
        "S_torque_std": 0.0,
        "S_dof_mean": 0.96199,
        "S_dof_std": 0.011646239736498651,
        "energy_mean": 115.69515452129542,
        "energy_std": 3.6546518706013225,
        "energy_n": 50,
        "time_to_stand_s_mean": 3.4208,
        "n_trials": 50
      },
      "5": {
        "balanced_success_mean": 1.0,
        "balanced_success_std": 0.0,
        "fell_mean": 0.0,
        "fell_std": 0.0,
        "nonterminated_n": 50,
        "reached_height_mean": 1.0,
        "reached_height_std": 0.0,
        "survived_steps_mean": 2000.0,
        "survived_steps_std": 0.0,
        "peak_head_mean": 1.319592849279904,
        "peak_head_std": 0.00015747950589645486,
        "hold_duration_s_mean": 36.7148,
        "hold_duration_s_std": 0.4209857004697427,
        "cp_in_support_frac_mean": 0.9940000000000001,
        "cp_in_support_frac_std": 0.002776688675382966,
        "cop_boundary_margin_mean": 0.07675397820032934,
        "cop_boundary_margin_std": 0.001034113863548064,
        "action_jitter_mean": 1.5280393646075672,
        "action_jitter_std": 0.0563034584592171,
        "dof_jitter_mean": 0.1053908420199925,
        "dof_jitter_std": 0.003469625375506568,
        "S_torque_mean": 1.0,
        "S_torque_std": 0.0,
        "S_dof_mean": 0.9665900000000001,
        "S_dof_std": 0.011010762916346905,
        "energy_mean": 115.39889508991169,
        "energy_std": 4.3344014518772624,
        "energy_n": 50,